index_symbol,index_label,constituent
^CNXDEFENCE,NIFTY DEFENCE,ASTRAMICRO.NS
^CNXDEFENCE,NIFTY DEFENCE,BDL.NS
^CNXDEFENCE,NIFTY DEFENCE,BEL.NS
^CNXDEFENCE,NIFTY DEFENCE,BEML.NS
^CNXDEFENCE,NIFTY DEFENCE,COCHINSHIP.NS
^CNXDEFENCE,NIFTY DEFENCE,DATAPATTNS.NS
^CNXDEFENCE,NIFTY DEFENCE,DCXINDIA.NS
^CNXDEFENCE,NIFTY DEFENCE,GRSE.NS
^CNXDEFENCE,NIFTY DEFENCE,HAL.NS
^CNXDEFENCE,NIFTY DEFENCE,IDEAFORGE.NS
^CNXDEFENCE,NIFTY DEFENCE,MIDHANI.NS
^CNXDEFENCE,NIFTY DEFENCE,MTARTECH.NS
^CNXDEFENCE,NIFTY DEFENCE,PARAS.NS
^CNXDEFENCE,NIFTY DEFENCE,SOLARINDS.NS
^CNXDEFENCE,NIFTY DEFENCE,TANEJAERO.NS
^CNXDEFENCE,NIFTY DEFENCE,UNIMECH.NS
^CNXDEFENCE,NIFTY DEFENCE,ZENTECH.NS
NIFTY_FIN_SERVICE.NS,NIFTY FIN SERVICE,AXISBANK.NS
NIFTY_FIN_SERVICE.NS,NIFTY FIN SERVICE,BAJAJFINSV.NS
NIFTY_FIN_SERVICE.NS,NIFTY FIN SERVICE,BAJFINANCE.NS
NIFTY_FIN_SERVICE.NS,NIFTY FIN SERVICE,BSE.NS
NIFTY_FIN_SERVICE.NS,NIFTY FIN SERVICE,CHOLAFIN.NS
NIFTY_FIN_SERVICE.NS,NIFTY FIN SERVICE,HDFCBANK.NS
NIFTY_FIN_SERVICE.NS,NIFTY FIN SERVICE,HDFCLIFE.NS
NIFTY_FIN_SERVICE.NS,NIFTY FIN SERVICE,ICICIBANK.NS
NIFTY_FIN_SERVICE.NS,NIFTY FIN SERVICE,ICICIGI.NS
NIFTY_FIN_SERVICE.NS,NIFTY FIN SERVICE,ICICIPRULI.NS
NIFTY_FIN_SERVICE.NS,NIFTY FIN SERVICE,JIOFIN.NS
NIFTY_FIN_SERVICE.NS,NIFTY FIN SERVICE,KOTAKBANK.NS
NIFTY_FIN_SERVICE.NS,NIFTY FIN SERVICE,LICHSGFIN.NS
NIFTY_FIN_SERVICE.NS,NIFTY FIN SERVICE,MUTHOOTFIN.NS
NIFTY_FIN_SERVICE.NS,NIFTY FIN SERVICE,PFC.NS
NIFTY_FIN_SERVICE.NS,NIFTY FIN SERVICE,RECLTD.NS
NIFTY_FIN_SERVICE.NS,NIFTY FIN SERVICE,SBICARD.NS
NIFTY_FIN_SERVICE.NS,NIFTY FIN SERVICE,SBILIFE.NS
NIFTY_FIN_SERVICE.NS,NIFTY FIN SERVICE,SBIN.NS
NIFTY_FIN_SERVICE.NS,NIFTY FIN SERVICE,SHRIRAMFIN.NS
^CNXAUTO,NIFTY AUTO,ASHOKLEY.NS
^CNXAUTO,NIFTY AUTO,BAJAJ-AUTO.NS
^CNXAUTO,NIFTY AUTO,BHARATFORG.NS
^CNXAUTO,NIFTY AUTO,BOSCHLTD.NS
^CNXAUTO,NIFTY AUTO,EICHERMOT.NS
^CNXAUTO,NIFTY AUTO,EXIDEIND.NS
^CNXAUTO,NIFTY AUTO,HEROMOTOCO.NS
^CNXAUTO,NIFTY AUTO,M&M.NS
^CNXAUTO,NIFTY AUTO,MARUTI.NS
^CNXAUTO,NIFTY AUTO,MOTHERSON.NS
^CNXAUTO,NIFTY AUTO,SONACOMS.NS
^CNXAUTO,NIFTY AUTO,TIINDIA.NS
^CNXAUTO,NIFTY AUTO,TMPV.NS
^CNXAUTO,NIFTY AUTO,TVSMOTOR.NS
^CNXAUTO,NIFTY AUTO,UNOMINDA.NS
^CNXCONSUM,NIFTY CONSUMPTION,ADANIPOWER.NS
^CNXCONSUM,NIFTY CONSUMPTION,APOLLOHOSP.NS
^CNXCONSUM,NIFTY CONSUMPTION,ASIANPAINT.NS
^CNXCONSUM,NIFTY CONSUMPTION,BAJAJ-AUTO.NS
^CNXCONSUM,NIFTY CONSUMPTION,BHARTIARTL.NS
^CNXCONSUM,NIFTY CONSUMPTION,BRITANNIA.NS
^CNXCONSUM,NIFTY CONSUMPTION,DIXON.NS
^CNXCONSUM,NIFTY CONSUMPTION,DLF.NS
^CNXCONSUM,NIFTY CONSUMPTION,DMART.NS
^CNXCONSUM,NIFTY CONSUMPTION,EICHERMOT.NS
^CNXCONSUM,NIFTY CONSUMPTION,ETERNAL.NS
^CNXCONSUM,NIFTY CONSUMPTION,GODREJCP.NS
^CNXCONSUM,NIFTY CONSUMPTION,HAVELLS.NS
^CNXCONSUM,NIFTY CONSUMPTION,HEROMOTOCO.NS
^CNXCONSUM,NIFTY CONSUMPTION,HINDUNILVR.NS
^CNXCONSUM,NIFTY CONSUMPTION,INDHOTEL.NS
^CNXCONSUM,NIFTY CONSUMPTION,INDIGO.NS
^CNXCONSUM,NIFTY CONSUMPTION,ITC.NS
^CNXCONSUM,NIFTY CONSUMPTION,M&M.NS
^CNXCONSUM,NIFTY CONSUMPTION,MARUTI.NS
^CNXCONSUM,NIFTY CONSUMPTION,MAXHEALTH.NS
^CNXCONSUM,NIFTY CONSUMPTION,NAUKRI.NS
^CNXCONSUM,NIFTY CONSUMPTION,NESTLEIND.NS
^CNXCONSUM,NIFTY CONSUMPTION,TATACONSUM.NS
^CNXCONSUM,NIFTY CONSUMPTION,TATAPOWER.NS
^CNXCONSUM,NIFTY CONSUMPTION,TITAN.NS
^CNXCONSUM,NIFTY CONSUMPTION,TRENT.NS
^CNXCONSUM,NIFTY CONSUMPTION,TVSMOTOR.NS
^CNXCONSUM,NIFTY CONSUMPTION,UNITDSPR.NS
^CNXCONSUM,NIFTY CONSUMPTION,VBL.NS
^CNXENERGY,NIFTY ENERGY,ABB.NS
^CNXENERGY,NIFTY ENERGY,ADANIENSOL.NS
^CNXENERGY,NIFTY ENERGY,ADANIGREEN.NS
^CNXENERGY,NIFTY ENERGY,ADANIPOWER.NS
^CNXENERGY,NIFTY ENERGY,AEGISLOG.NS
^CNXENERGY,NIFTY ENERGY,ATGL.NS
^CNXENERGY,NIFTY ENERGY,BHEL.NS
^CNXENERGY,NIFTY ENERGY,BPCL.NS
^CNXENERGY,NIFTY ENERGY,CASTROLIND.NS
^CNXENERGY,NIFTY ENERGY,CESC.NS
^CNXENERGY,NIFTY ENERGY,CGPOWER.NS
^CNXENERGY,NIFTY ENERGY,COALINDIA.NS
^CNXENERGY,NIFTY ENERGY,ENRIN.NS
^CNXENERGY,NIFTY ENERGY,GAIL.NS
^CNXENERGY,NIFTY ENERGY,GSPL.NS
^CNXENERGY,NIFTY ENERGY,GUJGASLTD.NS
^CNXENERGY,NIFTY ENERGY,GVT&D.NS
^CNXENERGY,NIFTY ENERGY,HINDPETRO.NS
^CNXENERGY,NIFTY ENERGY,IGL.NS
^CNXENERGY,NIFTY ENERGY,INOXWIND.NS
^CNXENERGY,NIFTY ENERGY,IOC.NS
^CNXENERGY,NIFTY ENERGY,JPPOWER.NS
^CNXENERGY,NIFTY ENERGY,JSWENERGY.NS
^CNXENERGY,NIFTY ENERGY,MGL.NS
^CNXENERGY,NIFTY ENERGY,NHPC.NS
^CNXENERGY,NIFTY ENERGY,NLCINDIA.NS
^CNXENERGY,NIFTY ENERGY,NTPC.NS
^CNXENERGY,NIFTY ENERGY,OIL.NS
^CNXENERGY,NIFTY ENERGY,ONGC.NS
^CNXENERGY,NIFTY ENERGY,PETRONET.NS
^CNXENERGY,NIFTY ENERGY,POWERGRID.NS
^CNXENERGY,NIFTY ENERGY,POWERINDIA.NS
^CNXENERGY,NIFTY ENERGY,RELIANCE.NS
^CNXENERGY,NIFTY ENERGY,RPOWER.NS
^CNXENERGY,NIFTY ENERGY,SIEMENS.NS
^CNXENERGY,NIFTY ENERGY,SJVN.NS
^CNXENERGY,NIFTY ENERGY,SUZLON.NS
^CNXENERGY,NIFTY ENERGY,TATAPOWER.NS
^CNXENERGY,NIFTY ENERGY,THERMAX.NS
^CNXENERGY,NIFTY ENERGY,TORNTPOWER.NS
^CNXFMCG,NIFTY FMCG,BRITANNIA.NS
^CNXFMCG,NIFTY FMCG,COLPAL.NS
^CNXFMCG,NIFTY FMCG,DABUR.NS
^CNXFMCG,NIFTY FMCG,EMAMILTD.NS
^CNXFMCG,NIFTY FMCG,GODREJCP.NS
^CNXFMCG,NIFTY FMCG,HINDUNILVR.NS
^CNXFMCG,NIFTY FMCG,ITC.NS
^CNXFMCG,NIFTY FMCG,MARICO.NS
^CNXFMCG,NIFTY FMCG,NESTLEIND.NS
^CNXFMCG,NIFTY FMCG,PATANJALI.NS
^CNXFMCG,NIFTY FMCG,RADICO.NS
^CNXFMCG,NIFTY FMCG,TATACONSUM.NS
^CNXFMCG,NIFTY FMCG,UBL.NS
^CNXFMCG,NIFTY FMCG,UNITDSPR.NS
^CNXFMCG,NIFTY FMCG,VBL.NS
^CNXINFRA,NIFTY INFRA,ADANIGREEN.NS
^CNXINFRA,NIFTY INFRA,ADANIPORTS.NS
^CNXINFRA,NIFTY INFRA,AMBUJACEM.NS
^CNXINFRA,NIFTY INFRA,APOLLOHOSP.NS
^CNXINFRA,NIFTY INFRA,ASHOKLEY.NS
^CNXINFRA,NIFTY INFRA,BHARATFORG.NS
^CNXINFRA,NIFTY INFRA,BHARTIARTL.NS
^CNXINFRA,NIFTY INFRA,BPCL.NS
^CNXINFRA,NIFTY INFRA,CGPOWER.NS
^CNXINFRA,NIFTY INFRA,CUMMINSIND.NS
^CNXINFRA,NIFTY INFRA,DLF.NS
^CNXINFRA,NIFTY INFRA,GAIL.NS
^CNXINFRA,NIFTY INFRA,GODREJPROP.NS
^CNXINFRA,NIFTY INFRA,GRASIM.NS
^CNXINFRA,NIFTY INFRA,HINDPETRO.NS
^CNXINFRA,NIFTY INFRA,INDHOTEL.NS
^CNXINFRA,NIFTY INFRA,INDIGO.NS
^CNXINFRA,NIFTY INFRA,INDUSTOWER.NS
^CNXINFRA,NIFTY INFRA,IOC.NS
^CNXINFRA,NIFTY INFRA,LT.NS
^CNXINFRA,NIFTY INFRA,MAXHEALTH.NS
^CNXINFRA,NIFTY INFRA,MOTHERSON.NS
^CNXINFRA,NIFTY INFRA,NTPC.NS
^CNXINFRA,NIFTY INFRA,ONGC.NS
^CNXINFRA,NIFTY INFRA,POWERGRID.NS
^CNXINFRA,NIFTY INFRA,RELIANCE.NS
^CNXINFRA,NIFTY INFRA,SHREECEM.NS
^CNXINFRA,NIFTY INFRA,SUZLON.NS
^CNXINFRA,NIFTY INFRA,TATAPOWER.NS
^CNXINFRA,NIFTY INFRA,ULTRACEMCO.NS
^CNXIT,NIFTY IT,COFORGE.NS
^CNXIT,NIFTY IT,HCLTECH.NS
^CNXIT,NIFTY IT,INFY.NS
^CNXIT,NIFTY IT,LTIM.NS
^CNXIT,NIFTY IT,MPHASIS.NS
^CNXIT,NIFTY IT,OFSS.NS
^CNXIT,NIFTY IT,PERSISTENT.NS
^CNXIT,NIFTY IT,TCS.NS
^CNXIT,NIFTY IT,TECHM.NS
^CNXIT,NIFTY IT,WIPRO.NS
^CNXMEDIA,NIFTY MEDIA,DBCORP.NS
^CNXMEDIA,NIFTY MEDIA,HATHWAY.NS
^CNXMEDIA,NIFTY MEDIA,NAZARA.NS
^CNXMEDIA,NIFTY MEDIA,NETWORK18.NS
^CNXMEDIA,NIFTY MEDIA,PFOCUS.NS
^CNXMEDIA,NIFTY MEDIA,PVRINOX.NS
^CNXMEDIA,NIFTY MEDIA,SAREGAMA.NS
^CNXMEDIA,NIFTY MEDIA,SUNTV.NS
^CNXMEDIA,NIFTY MEDIA,TIPSMUSIC.NS
^CNXMEDIA,NIFTY MEDIA,ZEEL.NS
^CNXMETAL,NIFTY METAL,ADANIENT.NS
^CNXMETAL,NIFTY METAL,APLAPOLLO.NS
^CNXMETAL,NIFTY METAL,HINDALCO.NS
^CNXMETAL,NIFTY METAL,HINDCOPPER.NS
^CNXMETAL,NIFTY METAL,HINDZINC.NS
^CNXMETAL,NIFTY METAL,JINDALSTEL.NS
^CNXMETAL,NIFTY METAL,JSL.NS
^CNXMETAL,NIFTY METAL,JSWSTEEL.NS
^CNXMETAL,NIFTY METAL,LLOYDSME.NS
^CNXMETAL,NIFTY METAL,NATIONALUM.NS
^CNXMETAL,NIFTY METAL,NMDC.NS
^CNXMETAL,NIFTY METAL,SAIL.NS
^CNXMETAL,NIFTY METAL,TATASTEEL.NS
^CNXMETAL,NIFTY METAL,VEDL.NS
^CNXMETAL,NIFTY METAL,WELCORP.NS
^CNXMIDCAP,NIFTY MIDCAP 100,360ONE.NS
^CNXMIDCAP,NIFTY MIDCAP 100,ABCAPITAL.NS
^CNXMIDCAP,NIFTY MIDCAP 100,ACC.NS
^CNXMIDCAP,NIFTY MIDCAP 100,ALKEM.NS
^CNXMIDCAP,NIFTY MIDCAP 100,APLAPOLLO.NS
^CNXMIDCAP,NIFTY MIDCAP 100,ASHOKLEY.NS
^CNXMIDCAP,NIFTY MIDCAP 100,ASTRAL.NS
^CNXMIDCAP,NIFTY MIDCAP 100,ATGL.NS
^CNXMIDCAP,NIFTY MIDCAP 100,AUBANK.NS
^CNXMIDCAP,NIFTY MIDCAP 100,AUROPHARMA.NS
^CNXMIDCAP,NIFTY MIDCAP 100,BANKINDIA.NS
^CNXMIDCAP,NIFTY MIDCAP 100,BDL.NS
^CNXMIDCAP,NIFTY MIDCAP 100,BHARATFORG.NS
^CNXMIDCAP,NIFTY MIDCAP 100,BHARTIHEXA.NS
^CNXMIDCAP,NIFTY MIDCAP 100,BHEL.NS
^CNXMIDCAP,NIFTY MIDCAP 100,BIOCON.NS
^CNXMIDCAP,NIFTY MIDCAP 100,BLUESTARCO.NS
^CNXMIDCAP,NIFTY MIDCAP 100,BSE.NS
^CNXMIDCAP,NIFTY MIDCAP 100,COCHINSHIP.NS
^CNXMIDCAP,NIFTY MIDCAP 100,COFORGE.NS
^CNXMIDCAP,NIFTY MIDCAP 100,COLPAL.NS
^CNXMIDCAP,NIFTY MIDCAP 100,CONCOR.NS
^CNXMIDCAP,NIFTY MIDCAP 100,COROMANDEL.NS
^CNXMIDCAP,NIFTY MIDCAP 100,CUMMINSIND.NS
^CNXMIDCAP,NIFTY MIDCAP 100,DABUR.NS
^CNXMIDCAP,NIFTY MIDCAP 100,DIXON.NS
^CNXMIDCAP,NIFTY MIDCAP 100,EXIDEIND.NS
^CNXMIDCAP,NIFTY MIDCAP 100,FEDERALBNK.NS
^CNXMIDCAP,NIFTY MIDCAP 100,FORTIS.NS
^CNXMIDCAP,NIFTY MIDCAP 100,GLENMARK.NS
^CNXMIDCAP,NIFTY MIDCAP 100,GMRAIRPORT.NS
^CNXMIDCAP,NIFTY MIDCAP 100,GODFRYPHLP.NS
^CNXMIDCAP,NIFTY MIDCAP 100,GODREJPROP.NS
^CNXMIDCAP,NIFTY MIDCAP 100,HDFCAMC.NS
^CNXMIDCAP,NIFTY MIDCAP 100,HEROMOTOCO.NS
^CNXMIDCAP,NIFTY MIDCAP 100,HINDPETRO.NS
^CNXMIDCAP,NIFTY MIDCAP 100,HUDCO.NS
^CNXMIDCAP,NIFTY MIDCAP 100,IDEA.NS
^CNXMIDCAP,NIFTY MIDCAP 100,IDFCFIRSTB.NS
^CNXMIDCAP,NIFTY MIDCAP 100,IGL.NS
^CNXMIDCAP,NIFTY MIDCAP 100,INDIANB.NS
^CNXMIDCAP,NIFTY MIDCAP 100,INDUSINDBK.NS
^CNXMIDCAP,NIFTY MIDCAP 100,INDUSTOWER.NS
^CNXMIDCAP,NIFTY MIDCAP 100,IRB.NS
^CNXMIDCAP,NIFTY MIDCAP 100,IRCTC.NS
^CNXMIDCAP,NIFTY MIDCAP 100,IREDA.NS
^CNXMIDCAP,NIFTY MIDCAP 100,ITCHOTELS.NS
^CNXMIDCAP,NIFTY MIDCAP 100,JUBLFOOD.NS
^CNXMIDCAP,NIFTY MIDCAP 100,KALYANKJIL.NS
^CNXMIDCAP,NIFTY MIDCAP 100,KEI.NS
^CNXMIDCAP,NIFTY MIDCAP 100,KPITTECH.NS
^CNXMIDCAP,NIFTY MIDCAP 100,LICHSGFIN.NS
^CNXMIDCAP,NIFTY MIDCAP 100,LTF.NS
^CNXMIDCAP,NIFTY MIDCAP 100,LUPIN.NS
^CNXMIDCAP,NIFTY MIDCAP 100,M&MFIN.NS
^CNXMIDCAP,NIFTY MIDCAP 100,MANKIND.NS
^CNXMIDCAP,NIFTY MIDCAP 100,MARICO.NS
^CNXMIDCAP,NIFTY MIDCAP 100,MFSL.NS
^CNXMIDCAP,NIFTY MIDCAP 100,MOTILALOFS.NS
^CNXMIDCAP,NIFTY MIDCAP 100,MPHASIS.NS
^CNXMIDCAP,NIFTY MIDCAP 100,MRF.NS
^CNXMIDCAP,NIFTY MIDCAP 100,MUTHOOTFIN.NS
^CNXMIDCAP,NIFTY MIDCAP 100,NATIONALUM.NS
^CNXMIDCAP,NIFTY MIDCAP 100,NHPC.NS
^CNXMIDCAP,NIFTY MIDCAP 100,NMDC.NS
^CNXMIDCAP,NIFTY MIDCAP 100,NTPCGREEN.NS
^CNXMIDCAP,NIFTY MIDCAP 100,NYKAA.NS
^CNXMIDCAP,NIFTY MIDCAP 100,OBEROIRLTY.NS
^CNXMIDCAP,NIFTY MIDCAP 100,OFSS.NS
^CNXMIDCAP,NIFTY MIDCAP 100,OIL.NS
^CNXMIDCAP,NIFTY MIDCAP 100,PAGEIND.NS
^CNXMIDCAP,NIFTY MIDCAP 100,PATANJALI.NS
^CNXMIDCAP,NIFTY MIDCAP 100,PAYTM.NS
^CNXMIDCAP,NIFTY MIDCAP 100,PERSISTENT.NS
^CNXMIDCAP,NIFTY MIDCAP 100,PHOENIXLTD.NS
^CNXMIDCAP,NIFTY MIDCAP 100,PIIND.NS
^CNXMIDCAP,NIFTY MIDCAP 100,POLICYBZR.NS
^CNXMIDCAP,NIFTY MIDCAP 100,POLYCAB.NS
^CNXMIDCAP,NIFTY MIDCAP 100,POWERINDIA.NS
^CNXMIDCAP,NIFTY MIDCAP 100,PREMIERENE.NS
^CNXMIDCAP,NIFTY MIDCAP 100,PRESTIGE.NS
^CNXMIDCAP,NIFTY MIDCAP 100,RVNL.NS
^CNXMIDCAP,NIFTY MIDCAP 100,SAIL.NS
^CNXMIDCAP,NIFTY MIDCAP 100,SBICARD.NS
^CNXMIDCAP,NIFTY MIDCAP 100,SONACOMS.NS
^CNXMIDCAP,NIFTY MIDCAP 100,SRF.NS
^CNXMIDCAP,NIFTY MIDCAP 100,SUPREMEIND.NS
^CNXMIDCAP,NIFTY MIDCAP 100,SUZLON.NS
^CNXMIDCAP,NIFTY MIDCAP 100,SWIGGY.NS
^CNXMIDCAP,NIFTY MIDCAP 100,TATACOMM.NS
^CNXMIDCAP,NIFTY MIDCAP 100,TATAELXSI.NS
^CNXMIDCAP,NIFTY MIDCAP 100,TATATECH.NS
^CNXMIDCAP,NIFTY MIDCAP 100,TIINDIA.NS
^CNXMIDCAP,NIFTY MIDCAP 100,TORNTPOWER.NS
^CNXMIDCAP,NIFTY MIDCAP 100,UNIONBANK.NS
^CNXMIDCAP,NIFTY MIDCAP 100,UPL.NS
^CNXMIDCAP,NIFTY MIDCAP 100,VMM.NS
^CNXMIDCAP,NIFTY MIDCAP 100,VOLTAS.NS
^CNXMIDCAP,NIFTY MIDCAP 100,WAAREEENER.NS
^CNXMIDCAP,NIFTY MIDCAP 100,YESBANK.NS
^CNXMNC,NIFTY MNC,3MINDIA.NS
^CNXMNC,NIFTY MNC,ABB.NS
^CNXMNC,NIFTY MNC,ABBOTINDIA.NS
^CNXMNC,NIFTY MNC,AMBUJACEM.NS
^CNXMNC,NIFTY MNC,ASHOKLEY.NS
^CNXMNC,NIFTY MNC,BOSCHLTD.NS
^CNXMNC,NIFTY MNC,BRITANNIA.NS
^CNXMNC,NIFTY MNC,CASTROLIND.NS
^CNXMNC,NIFTY MNC,COHANCE.NS
^CNXMNC,NIFTY MNC,COLPAL.NS
^CNXMNC,NIFTY MNC,CRISIL.NS
^CNXMNC,NIFTY MNC,CUMMINSIND.NS
^CNXMNC,NIFTY MNC,ENRIN.NS
^CNXMNC,NIFTY MNC,ESCORTS.NS
^CNXMNC,NIFTY MNC,GLAND.NS
^CNXMNC,NIFTY MNC,HINDUNILVR.NS
^CNXMNC,NIFTY MNC,HYUNDAI.NS
^CNXMNC,NIFTY MNC,LINDEINDIA.NS
^CNXMNC,NIFTY MNC,MARUTI.NS
^CNXMNC,NIFTY MNC,NAM-INDIA.NS
^CNXMNC,NIFTY MNC,NESTLEIND.NS
^CNXMNC,NIFTY MNC,OFSS.NS
^CNXMNC,NIFTY MNC,PGHH.NS
^CNXMNC,NIFTY MNC,POWERINDIA.NS
^CNXMNC,NIFTY MNC,SCHAEFFLER.NS
^CNXMNC,NIFTY MNC,SIEMENS.NS
^CNXMNC,NIFTY MNC,TIMKEN.NS
^CNXMNC,NIFTY MNC,UBL.NS
^CNXMNC,NIFTY MNC,UNITDSPR.NS
^CNXMNC,NIFTY MNC,VEDL.NS
^CNXPHARMA,NIFTY PHARMA,ABBOTINDIA.NS
^CNXPHARMA,NIFTY PHARMA,AJANTPHARM.NS
^CNXPHARMA,NIFTY PHARMA,ALKEM.NS
^CNXPHARMA,NIFTY PHARMA,AUROPHARMA.NS
^CNXPHARMA,NIFTY PHARMA,BIOCON.NS
^CNXPHARMA,NIFTY PHARMA,CIPLA.NS
^CNXPHARMA,NIFTY PHARMA,DIVISLAB.NS
^CNXPHARMA,NIFTY PHARMA,DRREDDY.NS
^CNXPHARMA,NIFTY PHARMA,GLAND.NS
^CNXPHARMA,NIFTY PHARMA,GLENMARK.NS
^CNXPHARMA,NIFTY PHARMA,IPCALAB.NS
^CNXPHARMA,NIFTY PHARMA,JBCHEPHARM.NS
^CNXPHARMA,NIFTY PHARMA,LAURUSLABS.NS
^CNXPHARMA,NIFTY PHARMA,LUPIN.NS
^CNXPHARMA,NIFTY PHARMA,MANKIND.NS
^CNXPHARMA,NIFTY PHARMA,PPLPHARMA.NS
^CNXPHARMA,NIFTY PHARMA,SUNPHARMA.NS
^CNXPHARMA,NIFTY PHARMA,TORNTPHARM.NS
^CNXPHARMA,NIFTY PHARMA,WOCKPHARMA.NS
^CNXPHARMA,NIFTY PHARMA,ZYDUSLIFE.NS
^CNXPSE,NIFTY PSE,BEL.NS
^CNXPSE,NIFTY PSE,BHEL.NS
^CNXPSE,NIFTY PSE,BPCL.NS
^CNXPSE,NIFTY PSE,COALINDIA.NS
^CNXPSE,NIFTY PSE,CONCOR.NS
^CNXPSE,NIFTY PSE,GAIL.NS
^CNXPSE,NIFTY PSE,HAL.NS
^CNXPSE,NIFTY PSE,HINDPETRO.NS
^CNXPSE,NIFTY PSE,IOC.NS
^CNXPSE,NIFTY PSE,IRCTC.NS
^CNXPSE,NIFTY PSE,IRFC.NS
^CNXPSE,NIFTY PSE,NHPC.NS
^CNXPSE,NIFTY PSE,NMDC.NS
^CNXPSE,NIFTY PSE,NTPC.NS
^CNXPSE,NIFTY PSE,OIL.NS
^CNXPSE,NIFTY PSE,ONGC.NS
^CNXPSE,NIFTY PSE,PFC.NS
^CNXPSE,NIFTY PSE,POWERGRID.NS
^CNXPSE,NIFTY PSE,RECLTD.NS
^CNXPSE,NIFTY PSE,RVNL.NS
^CNXPSUBANK,NIFTY PSU BANK,BANKBARODA.NS
^CNXPSUBANK,NIFTY PSU BANK,BANKINDIA.NS
^CNXPSUBANK,NIFTY PSU BANK,CANBK.NS
^CNXPSUBANK,NIFTY PSU BANK,CENTRALBK.NS
^CNXPSUBANK,NIFTY PSU BANK,INDIANB.NS
^CNXPSUBANK,NIFTY PSU BANK,IOB.NS
^CNXPSUBANK,NIFTY PSU BANK,MAHABANK.NS
^CNXPSUBANK,NIFTY PSU BANK,PNB.NS
^CNXPSUBANK,NIFTY PSU BANK,PSB.NS
^CNXPSUBANK,NIFTY PSU BANK,SBIN.NS
^CNXPSUBANK,NIFTY PSU BANK,UCOBANK.NS
^CNXPSUBANK,NIFTY PSU BANK,UNIONBANK.NS
^CNXREALTY,NIFTY REALTY,ANANTRAJ.NS
^CNXREALTY,NIFTY REALTY,BRIGADE.NS
^CNXREALTY,NIFTY REALTY,DLF.NS
^CNXREALTY,NIFTY REALTY,GODREJPROP.NS
^CNXREALTY,NIFTY REALTY,LODHA.NS
^CNXREALTY,NIFTY REALTY,OBEROIRLTY.NS
^CNXREALTY,NIFTY REALTY,PHOENIXLTD.NS
^CNXREALTY,NIFTY REALTY,PRESTIGE.NS
^CNXREALTY,NIFTY REALTY,SIGNATURE.NS
^CNXREALTY,NIFTY REALTY,SOBHA.NS
^DJI,DOW JONES,AAPL
^DJI,DOW JONES,AMGN
^DJI,DOW JONES,AMZN
^DJI,DOW JONES,AXP
^DJI,DOW JONES,BA
^DJI,DOW JONES,CAT
^DJI,DOW JONES,CRM
^DJI,DOW JONES,CSCO
^DJI,DOW JONES,CVX
^DJI,DOW JONES,DIS
^DJI,DOW JONES,GS
^DJI,DOW JONES,HD
^DJI,DOW JONES,HON
^DJI,DOW JONES,IBM
^DJI,DOW JONES,JNJ
^DJI,DOW JONES,JPM
^DJI,DOW JONES,KO
^DJI,DOW JONES,MCD
^DJI,DOW JONES,MMM
^DJI,DOW JONES,MRK
^DJI,DOW JONES,MSFT
^DJI,DOW JONES,NKE
^DJI,DOW JONES,NVDA
^DJI,DOW JONES,PG
^DJI,DOW JONES,SHW
^DJI,DOW JONES,TRV
^DJI,DOW JONES,UNH
^DJI,DOW JONES,V
^DJI,DOW JONES,VZ
^DJI,DOW JONES,WMT
^NIFTYNXT50,NIFTY NEXT 50,ABB.NS
^NIFTYNXT50,NIFTY NEXT 50,ADANIENSOL.NS
^NIFTYNXT50,NIFTY NEXT 50,ADANIGREEN.NS
^NIFTYNXT50,NIFTY NEXT 50,ADANIPOWER.NS
^NIFTYNXT50,NIFTY NEXT 50,AMBUJACEM.NS
^NIFTYNXT50,NIFTY NEXT 50,BAJAJHFL.NS
^NIFTYNXT50,NIFTY NEXT 50,BAJAJHLDNG.NS
^NIFTYNXT50,NIFTY NEXT 50,BANKBARODA.NS
^NIFTYNXT50,NIFTY NEXT 50,BOSCHLTD.NS
^NIFTYNXT50,NIFTY NEXT 50,BPCL.NS
^NIFTYNXT50,NIFTY NEXT 50,BRITANNIA.NS
^NIFTYNXT50,NIFTY NEXT 50,CANBK.NS
^NIFTYNXT50,NIFTY NEXT 50,CGPOWER.NS
^NIFTYNXT50,NIFTY NEXT 50,CHOLAFIN.NS
^NIFTYNXT50,NIFTY NEXT 50,DIVISLAB.NS
^NIFTYNXT50,NIFTY NEXT 50,DLF.NS
^NIFTYNXT50,NIFTY NEXT 50,DMART.NS
^NIFTYNXT50,NIFTY NEXT 50,ENRIN.NS
^NIFTYNXT50,NIFTY NEXT 50,GAIL.NS
^NIFTYNXT50,NIFTY NEXT 50,GODREJCP.NS
^NIFTYNXT50,NIFTY NEXT 50,HAL.NS
^NIFTYNXT50,NIFTY NEXT 50,HAVELLS.NS
^NIFTYNXT50,NIFTY NEXT 50,HINDZINC.NS
^NIFTYNXT50,NIFTY NEXT 50,HYUNDAI.NS
^NIFTYNXT50,NIFTY NEXT 50,ICICIGI.NS
^NIFTYNXT50,NIFTY NEXT 50,INDHOTEL.NS
^NIFTYNXT50,NIFTY NEXT 50,IOC.NS
^NIFTYNXT50,NIFTY NEXT 50,IRFC.NS
^NIFTYNXT50,NIFTY NEXT 50,JINDALSTEL.NS
^NIFTYNXT50,NIFTY NEXT 50,JSWENERGY.NS
^NIFTYNXT50,NIFTY NEXT 50,LICI.NS
^NIFTYNXT50,NIFTY NEXT 50,LODHA.NS
^NIFTYNXT50,NIFTY NEXT 50,LTIM.NS
^NIFTYNXT50,NIFTY NEXT 50,MAZDOCK.NS
^NIFTYNXT50,NIFTY NEXT 50,MOTHERSON.NS
^NIFTYNXT50,NIFTY NEXT 50,NAUKRI.NS
^NIFTYNXT50,NIFTY NEXT 50,PFC.NS
^NIFTYNXT50,NIFTY NEXT 50,PIDILITIND.NS
^NIFTYNXT50,NIFTY NEXT 50,PNB.NS
^NIFTYNXT50,NIFTY NEXT 50,RECLTD.NS
^NIFTYNXT50,NIFTY NEXT 50,SHREECEM.NS
^NIFTYNXT50,NIFTY NEXT 50,SIEMENS.NS
^NIFTYNXT50,NIFTY NEXT 50,SOLARINDS.NS
^NIFTYNXT50,NIFTY NEXT 50,TATAPOWER.NS
^NIFTYNXT50,NIFTY NEXT 50,TORNTPHARM.NS
^NIFTYNXT50,NIFTY NEXT 50,TVSMOTOR.NS
^NIFTYNXT50,NIFTY NEXT 50,UNITDSPR.NS
^NIFTYNXT50,NIFTY NEXT 50,VBL.NS
^NIFTYNXT50,NIFTY NEXT 50,VEDL.NS
^NIFTYNXT50,NIFTY NEXT 50,ZYDUSLIFE.NS
^NSEBANK,NIFTY BANK,AUBANK.NS
^NSEBANK,NIFTY BANK,AXISBANK.NS
^NSEBANK,NIFTY BANK,BANKBARODA.NS
^NSEBANK,NIFTY BANK,CANBK.NS
^NSEBANK,NIFTY BANK,FEDERALBNK.NS
^NSEBANK,NIFTY BANK,HDFCBANK.NS
^NSEBANK,NIFTY BANK,ICICIBANK.NS
^NSEBANK,NIFTY BANK,IDFCFIRSTB.NS
^NSEBANK,NIFTY BANK,INDUSINDBK.NS
^NSEBANK,NIFTY BANK,KOTAKBANK.NS
^NSEBANK,NIFTY BANK,PNB.NS
^NSEBANK,NIFTY BANK,SBIN.NS
^NSEBANK,NIFTY BANK,UNIONBANK.NS
^NSEBANK,NIFTY BANK,YESBANK.NS
^NSEI,NIFTY 50,ADANIENT.NS
^NSEI,NIFTY 50,ADANIPORTS.NS
^NSEI,NIFTY 50,APOLLOHOSP.NS
^NSEI,NIFTY 50,ASIANPAINT.NS
^NSEI,NIFTY 50,AXISBANK.NS
^NSEI,NIFTY 50,BAJAJ-AUTO.NS
^NSEI,NIFTY 50,BAJAJFINSV.NS
^NSEI,NIFTY 50,BAJFINANCE.NS
^NSEI,NIFTY 50,BEL.NS
^NSEI,NIFTY 50,BHARTIARTL.NS
^NSEI,NIFTY 50,CIPLA.NS
^NSEI,NIFTY 50,COALINDIA.NS
^NSEI,NIFTY 50,DRREDDY.NS
^NSEI,NIFTY 50,EICHERMOT.NS
^NSEI,NIFTY 50,ETERNAL.NS
^NSEI,NIFTY 50,GRASIM.NS
^NSEI,NIFTY 50,HCLTECH.NS
^NSEI,NIFTY 50,HDFCBANK.NS
^NSEI,NIFTY 50,HDFCLIFE.NS
^NSEI,NIFTY 50,HINDALCO.NS
^NSEI,NIFTY 50,HINDUNILVR.NS
^NSEI,NIFTY 50,ICICIBANK.NS
^NSEI,NIFTY 50,INDIGO.NS
^NSEI,NIFTY 50,INFY.NS
^NSEI,NIFTY 50,ITC.NS
^NSEI,NIFTY 50,JIOFIN.NS
^NSEI,NIFTY 50,JSWSTEEL.NS
^NSEI,NIFTY 50,KOTAKBANK.NS
^NSEI,NIFTY 50,LT.NS
^NSEI,NIFTY 50,M&M.NS
^NSEI,NIFTY 50,MARUTI.NS
^NSEI,NIFTY 50,MAXHEALTH.NS
^NSEI,NIFTY 50,NESTLEIND.NS
^NSEI,NIFTY 50,NTPC.NS
^NSEI,NIFTY 50,ONGC.NS
^NSEI,NIFTY 50,POWERGRID.NS
^NSEI,NIFTY 50,RELIANCE.NS
^NSEI,NIFTY 50,SBILIFE.NS
^NSEI,NIFTY 50,SBIN.NS
^NSEI,NIFTY 50,SHRIRAMFIN.NS
^NSEI,NIFTY 50,SUNPHARMA.NS
^NSEI,NIFTY 50,TATACONSUM.NS
^NSEI,NIFTY 50,TATASTEEL.NS
^NSEI,NIFTY 50,TCS.NS
^NSEI,NIFTY 50,TECHM.NS
^NSEI,NIFTY 50,TITAN.NS
^NSEI,NIFTY 50,TMPV.NS
^NSEI,NIFTY 50,TRENT.NS
^NSEI,NIFTY 50,ULTRACEMCO.NS
^NSEI,NIFTY 50,WIPRO.NS
^NSESMCP100,NIFTY SMALLCAP 100,AADHARHFC.NS
^NSESMCP100,NIFTY SMALLCAP 100,AARTIIND.NS
^NSESMCP100,NIFTY SMALLCAP 100,ABREL.NS
^NSESMCP100,NIFTY SMALLCAP 100,AEGISLOG.NS
^NSESMCP100,NIFTY SMALLCAP 100,AEGISVOPAK.NS
^NSESMCP100,NIFTY SMALLCAP 100,AFCONS.NS
^NSESMCP100,NIFTY SMALLCAP 100,AFFLE.NS
^NSESMCP100,NIFTY SMALLCAP 100,AMBER.NS
^NSESMCP100,NIFTY SMALLCAP 100,ANANDRATHI.NS
^NSESMCP100,NIFTY SMALLCAP 100,ANANTRAJ.NS
^NSESMCP100,NIFTY SMALLCAP 100,ANGELONE.NS
^NSESMCP100,NIFTY SMALLCAP 100,APTUS.NS
^NSESMCP100,NIFTY SMALLCAP 100,ARE&M.NS
^NSESMCP100,NIFTY SMALLCAP 100,ASTERDM.NS
^NSESMCP100,NIFTY SMALLCAP 100,ATUL.NS
^NSESMCP100,NIFTY SMALLCAP 100,BANDHANBNK.NS
^NSESMCP100,NIFTY SMALLCAP 100,BEML.NS
^NSESMCP100,NIFTY SMALLCAP 100,BLS.NS
^NSESMCP100,NIFTY SMALLCAP 100,BRIGADE.NS
^NSESMCP100,NIFTY SMALLCAP 100,CAMS.NS
^NSESMCP100,NIFTY SMALLCAP 100,CASTROLIND.NS
^NSESMCP100,NIFTY SMALLCAP 100,CDSL.NS
^NSESMCP100,NIFTY SMALLCAP 100,CESC.NS
^NSESMCP100,NIFTY SMALLCAP 100,CGCL.NS
^NSESMCP100,NIFTY SMALLCAP 100,CHAMBLFERT.NS
^NSESMCP100,NIFTY SMALLCAP 100,CHOLAHLDNG.NS
^NSESMCP100,NIFTY SMALLCAP 100,CREDITACC.NS
^NSESMCP100,NIFTY SMALLCAP 100,CROMPTON.NS
^NSESMCP100,NIFTY SMALLCAP 100,CYIENT.NS
^NSESMCP100,NIFTY SMALLCAP 100,DATAPATTNS.NS
^NSESMCP100,NIFTY SMALLCAP 100,DEEPAKFERT.NS
^NSESMCP100,NIFTY SMALLCAP 100,DELHIVERY.NS
^NSESMCP100,NIFTY SMALLCAP 100,DEVYANI.NS
^NSESMCP100,NIFTY SMALLCAP 100,FIRSTCRY.NS
^NSESMCP100,NIFTY SMALLCAP 100,FIVESTAR.NS
^NSESMCP100,NIFTY SMALLCAP 100,FSL.NS
^NSESMCP100,NIFTY SMALLCAP 100,GESHIP.NS
^NSESMCP100,NIFTY SMALLCAP 100,GILLETTE.NS
^NSESMCP100,NIFTY SMALLCAP 100,GLAND.NS
^NSESMCP100,NIFTY SMALLCAP 100,GODIGIT.NS
^NSESMCP100,NIFTY SMALLCAP 100,GRSE.NS
^NSESMCP100,NIFTY SMALLCAP 100,HBLENGINE.NS
^NSESMCP100,NIFTY SMALLCAP 100,HINDCOPPER.NS
^NSESMCP100,NIFTY SMALLCAP 100,HSCL.NS
^NSESMCP100,NIFTY SMALLCAP 100,IEX.NS
^NSESMCP100,NIFTY SMALLCAP 100,IFCI.NS
^NSESMCP100,NIFTY SMALLCAP 100,IGIL.NS
^NSESMCP100,NIFTY SMALLCAP 100,IIFL.NS
^NSESMCP100,NIFTY SMALLCAP 100,IKS.NS
^NSESMCP100,NIFTY SMALLCAP 100,INOXWIND.NS
^NSESMCP100,NIFTY SMALLCAP 100,IRCON.NS
^NSESMCP100,NIFTY SMALLCAP 100,JBCHEPHARM.NS
^NSESMCP100,NIFTY SMALLCAP 100,JBMA.NS
^NSESMCP100,NIFTY SMALLCAP 100,JINDALSAW.NS
^NSESMCP100,NIFTY SMALLCAP 100,JWL.NS
^NSESMCP100,NIFTY SMALLCAP 100,JYOTICNC.NS
^NSESMCP100,NIFTY SMALLCAP 100,KAJARIACER.NS
^NSESMCP100,NIFTY SMALLCAP 100,KARURVYSYA.NS
^NSESMCP100,NIFTY SMALLCAP 100,KAYNES.NS
^NSESMCP100,NIFTY SMALLCAP 100,KEC.NS
^NSESMCP100,NIFTY SMALLCAP 100,KFINTECH.NS
^NSESMCP100,NIFTY SMALLCAP 100,KPIL.NS
^NSESMCP100,NIFTY SMALLCAP 100,LALPATHLAB.NS
^NSESMCP100,NIFTY SMALLCAP 100,LAURUSLABS.NS
^NSESMCP100,NIFTY SMALLCAP 100,MANAPPURAM.NS
^NSESMCP100,NIFTY SMALLCAP 100,MCX.NS
^NSESMCP100,NIFTY SMALLCAP 100,MGL.NS
^NSESMCP100,NIFTY SMALLCAP 100,MRPL.NS
^NSESMCP100,NIFTY SMALLCAP 100,NATCOPHARM.NS
^NSESMCP100,NIFTY SMALLCAP 100,NAVINFLUOR.NS
^NSESMCP100,NIFTY SMALLCAP 100,NBCC.NS
^NSESMCP100,NIFTY SMALLCAP 100,NCC.NS
^NSESMCP100,NIFTY SMALLCAP 100,NEULANDLAB.NS
^NSESMCP100,NIFTY SMALLCAP 100,NEWGEN.NS
^NSESMCP100,NIFTY SMALLCAP 100,NH.NS
^NSESMCP100,NIFTY SMALLCAP 100,NUVAMA.NS
^NSESMCP100,NIFTY SMALLCAP 100,OLAELEC.NS
^NSESMCP100,NIFTY SMALLCAP 100,PCBL.NS
^NSESMCP100,NIFTY SMALLCAP 100,PGEL.NS
^NSESMCP100,NIFTY SMALLCAP 100,PNBHOUSING.NS
^NSESMCP100,NIFTY SMALLCAP 100,POONAWALLA.NS
^NSESMCP100,NIFTY SMALLCAP 100,PPLPHARMA.NS
^NSESMCP100,NIFTY SMALLCAP 100,RADICO.NS
^NSESMCP100,NIFTY SMALLCAP 100,RAMCOCEM.NS
^NSESMCP100,NIFTY SMALLCAP 100,REDINGTON.NS
^NSESMCP100,NIFTY SMALLCAP 100,RPOWER.NS
^NSESMCP100,NIFTY SMALLCAP 100,SAGILITY.NS
^NSESMCP100,NIFTY SMALLCAP 100,SHYAMMETL.NS
^NSESMCP100,NIFTY SMALLCAP 100,SIGNATURE.NS
^NSESMCP100,NIFTY SMALLCAP 100,STARHEALTH.NS
^NSESMCP100,NIFTY SMALLCAP 100,SWANCORP.NS
^NSESMCP100,NIFTY SMALLCAP 100,TATACHEM.NS
^NSESMCP100,NIFTY SMALLCAP 100,TEJASNET.NS
^NSESMCP100,NIFTY SMALLCAP 100,TRIDENT.NS
^NSESMCP100,NIFTY SMALLCAP 100,TRITURBINE.NS
^NSESMCP100,NIFTY SMALLCAP 100,WELCORP.NS
^NSESMCP100,NIFTY SMALLCAP 100,WHIRLPOOL.NS
^NSESMCP100,NIFTY SMALLCAP 100,WOCKPHARMA.NS
^NSESMCP100,NIFTY SMALLCAP 100,ZENSARTECH.NS
^NSESMCP100,NIFTY SMALLCAP 100,ZENTEC.NS
